{"version": 5, "raw_mtime": 1770908570.0, "generated_at": 1771413044, "preds": {"pred_t6": 11.628681118693768, "pred_t12": 11.481627910256375, "pred_t24": 12.681627910256374, "pred_t6_raw": 11.628681118693768, "pred_t12_raw": 11.481627910256375, "pred_t24_raw": 14.294068686085074, "current_toc_ref": 11.48, "recent_vol_ref": 0.3829175048515041}}