{"version": 2, "raw_mtime": 1770908570.0, "model": {"ok": true, "beta": [11.917071863967031, 0.8203881429394155, -1.835766558674781, -1.913791865964512, -0.8083150537341505, 2.0371184063695877, 1.326183034268133, -0.8515466085299738, 0.6353138236896306, 0.5251038718768046], "mu": [1.914389004971546, 143.8759579220417, 7.361157143886447, 4.403008476835548, 21040.99089036637, 59.26035737445061, 273.7920133006697, 13.736084732329445, 1067.0013693349654], "sigma": [0.8591409747413908, 18.458050340758682, 2.252492592098928, 3.856064876411555, 5362.711798973803, 38.95053654367226, 122.3617577740069, 6.9138832087968805, 383.8743235951947], "n_rows": 34698, "n_train": 27758, "n_valid": 6940, "rmse_train": 2.276153133217984, "rmse_valid": 3.0162852581862194, "target_col": "FINAL_TOC", "do_col": "AERB_DO", "ret_col": "AERB_RET", "wit_col": "AERB_WIT"}}